{
  "expo-random [Sync]": {
    "moe": 603.5928494501304,
    "mean": 4137.4,
    "rme": 14.58869941146929,
    "deviation": 486.1940353398013,
    "variance": 236384.63999999998,
    "sem": 217.43258265494615,
    "sample": [
      3186,
      4480,
      4186,
      4425,
      4410
    ]
  },
  "expo-random [Async]": {
    "moe": 253.2532491606613,
    "mean": 364.2,
    "rme": 69.53686138403661,
    "deviation": 203.9954901462285,
    "variance": 41614.16,
    "sem": 91.22955661407109,
    "sample": [
      764,
      334,
      275,
      229,
      219
    ]
  },
  "react-native-randomness": {
    "moe": 14.16793818620056,
    "mean": 169.6,
    "rme": 8.353737138089953,
    "deviation": 11.412274094149685,
    "variance": 130.24,
    "sem": 5.103724130475706,
    "sample": [
      177,
      154,
      187,
      167,
      163
    ]
  },
  "get-random-values-polypony": {
    "moe": 375.9055801556981,
    "mean": 3579.2,
    "rme": 10.50250279827051,
    "deviation": 302.79194176860125,
    "variance": 91682.95999999999,
    "sem": 135.41267296675005,
    "sample": [
      3628,
      3747,
      3054,
      3505,
      3962
    ]
  },
  "react-native-get-random-values": {
    "moe": 562.5479719378534,
    "mean": 3362.2,
    "rme": 16.731543987206397,
    "deviation": 453.13238683634165,
    "variance": 205328.96,
    "sem": 202.64696395455815,
    "sample": [
      3838,
      3708,
      3614,
      2682,
      2969
    ]
  },
  "react-native-securerandom": {
    "moe": 17.20224283051486,
    "mean": 143,
    "rme": 12.029540440919481,
    "deviation": 13.856406460551018,
    "variance": 192,
    "sem": 6.196773353931866,
    "sample": [
      139,
      157,
      161,
      125,
      133
    ]
  },
  "react-native-randombytes [SJCL]": {
    "moe": 141.94326199616523,
    "mean": 4520.2,
    "rme": 3.140198707936933,
    "deviation": 114.33529638742361,
    "variance": 13072.560000000001,
    "sem": 51.132298989973066,
    "sample": [
      4311,
      4651,
      4515,
      4540,
      4584
    ]
  },
  "react-native-randombytes [Native]": {
    "moe": 10.315370968026308,
    "mean": 125.4,
    "rme": 8.225973658713164,
    "deviation": 8.309031231136396,
    "variance": 69.04,
    "sem": 3.7159117319979496,
    "sample": [
      115,
      139,
      130,
      122,
      121
    ]
  },
  "react-native-simple-crypto": {
    "moe": 9.680242773815127,
    "mean": 101,
    "rme": 9.584398785955571,
    "deviation": 7.797435475847171,
    "variance": 60.8,
    "sem": 3.4871191548325386,
    "sample": [
      110,
      108,
      103,
      90,
      94
    ]
  }
}