{
  "expo-random [Sync]": {
    "moe": 2661.062352340093,
    "mean": 32232.2,
    "rme": 8.255912883204042,
    "deviation": 2143.4857032413347,
    "variance": 4594530.96,
    "sem": 958.5959482493131,
    "sample": [
      28175,
      31942,
      33745,
      33896,
      33403
    ]
  },
  "expo-random [Async]": {
    "moe": 630.2463524781655,
    "mean": 856.8,
    "rme": 73.55816438820793,
    "deviation": 507.6634318128498,
    "variance": 257722.16,
    "sem": 227.0339886448723,
    "sample": [
      1856,
      773,
      580,
      574,
      501
    ]
  },
  "react-native-randomness": {
    "moe": 45.245223416930976,
    "mean": 386.4,
    "rme": 11.709426350137417,
    "deviation": 36.44502709561347,
    "variance": 1328.24,
    "sem": 16.298711605522687,
    "sample": [
      421,
      422,
      397,
      366,
      326
    ]
  },
  "get-random-values-polypony": {
    "moe": 141.02866875684532,
    "mean": 22691.4,
    "rme": 0.6215071293831377,
    "deviation": 113.59859154056444,
    "variance": 12904.64,
    "sem": 50.80283456658693,
    "sample": [
      22757,
      22569,
      22771,
      22541,
      22819
    ]
  },
  "react-native-get-random-values": {
    "moe": 374.77390030517324,
    "mean": 22882.8,
    "rme": 1.637797386269046,
    "deviation": 301.88037365817604,
    "variance": 91131.76,
    "sem": 135.0050073145437,
    "sample": [
      23248,
      23216,
      22823,
      22520,
      22607
    ]
  },
  "react-native-securerandom": {
    "moe": 14.336635807329417,
    "mean": 300.2,
    "rme": 4.775694805905869,
    "deviation": 11.548160026601641,
    "variance": 133.36,
    "sem": 5.16449416690541,
    "sample": [
      316,
      311,
      293,
      296,
      285
    ]
  },
  "react-native-randombytes [SJCL]": {
    "moe": 4054.6605630808044,
    "mean": 152161.8,
    "rme": 2.664703337553055,
    "deviation": 3266.029050697498,
    "variance": 10666945.76,
    "sem": 1460.6125947697424,
    "sample": [
      145930,
      154046,
      152520,
      155353,
      152960
    ]
  },
  "react-native-randombytes [Native]": {
    "moe": 23.810248969046917,
    "mean": 253.6,
    "rme": 9.388899435744053,
    "deviation": 19.179155351578963,
    "variance": 367.84000000000003,
    "sem": 8.577179023431887,
    "sample": [
      280,
      273,
      245,
      235,
      235
    ]
  },
  "react-native-simple-crypto": {
    "moe": 12.27983924845924,
    "mean": 214.6,
    "rme": 5.722199090614744,
    "deviation": 9.891410415102591,
    "variance": 97.84,
    "sem": 4.423573216303761,
    "sample": [
      229,
      223,
      210,
      209,
      202
    ]
  }
}